DATE,PRCP,TMAX,TMIN,RAIN
40909,0,55,41,FALSE
40910,0.43,51,37,TRUE
40911,0.03,53,45,TRUE
40912,0.8,54,42,TRUE
40913,0.05,48,37,TRUE
40914,0.1,40,36,TRUE
40915,0,45,37,FALSE
40916,0,50,37,FALSE
40917,0.17,49,41,TRUE
40918,0.04,43,33,TRUE
40919,0,43,30,FALSE
40920,0,43,29,FALSE
40921,0,41,27,FALSE
40922,0.16,40,33,TRUE
40923,0.21,34,26,TRUE
40924,0.1,35,27,TRUE
40925,0.32,38,32,TRUE
40926,0.78,32,27,TRUE
40927,0.6,30,27,TRUE
40928,0.53,45,30,TRUE
40929,0.12,47,38,TRUE
40930,0.24,44,36,TRUE
40931,0,47,34,FALSE
40932,0.34,50,36,TRUE
40933,0.32,48,40,TRUE
40934,0.19,48,34,TRUE
40935,0,44,28,FALSE
40936,0,44,33,FALSE
40937,1.09,49,39,TRUE
40938,0.14,47,43,TRUE
40939,0.07,49,43,TRUE
40940,0.53,48,38,TRUE
40941,0,47,35,FALSE
40942,0,58,36,FALSE
40943,0,60,41,FALSE
40944,0,57,35,FALSE
40945,0,61,35,FALSE
40946,0.01,60,46,TRUE
40947,0.11,50,41,TRUE
40948,0.1,52,46,TRUE
40949,0.1,55,44,TRUE
40950,0.03,48,42,TRUE
40951,0.04,47,41,TRUE
40952,0.45,45,40,TRUE
40953,0.1,44,34,TRUE
40954,0,45,33,FALSE
40955,0.07,45,38,TRUE
40956,0.68,50,40,TRUE
40957,0.25,44,39,TRUE
40958,0,44,36,FALSE
40959,0.12,46,35,TRUE
40960,0.03,50,46,TRUE
40961,0.34,50,37,TRUE
40962,0,47,37,FALSE
40963,0.45,44,40,TRUE
40964,0,45,37,FALSE
40965,0.05,41,30,TRUE
40966,0,44,28,FALSE
40967,0.14,44,31,TRUE
40968,0.03,41,34,TRUE
40969,0,43,34,FALSE
40970,0.08,44,39,TRUE
40971,0,54,44,FALSE
40972,0,51,44,FALSE
40973,0.27,46,34,TRUE
40974,0.02,44,32,TRUE
40975,0,48,29,FALSE
40976,0,60,33,FALSE
40977,0.14,49,41,TRUE
40978,0.41,45,43,TRUE
40979,0.54,44,37,TRUE
40980,0.76,47,33,TRUE
40981,0.37,42,33,TRUE
40982,0.34,46,34,TRUE
40983,0.94,52,42,TRUE
40984,0.33,48,39,TRUE
40985,0.37,50,33,TRUE
40986,0.14,41,31,TRUE
40987,0.08,45,30,TRUE
40988,0.14,46,36,TRUE
40989,0.05,48,34,TRUE
40990,0.16,50,35,TRUE
40991,0,54,33,FALSE
40992,0,59,38,FALSE
40993,0,56,36,FALSE
40994,0,55,43,FALSE
40995,0.19,58,44,TRUE
40996,0.05,51,45,TRUE
40997,1.08,50,43,TRUE
40998,0.22,49,41,TRUE
40999,0.52,50,37,TRUE
41000,0.06,48,40,TRUE
41001,0,62,40,FALSE
41002,0.06,53,38,TRUE
41003,0,51,37,FALSE
41004,0.18,49,37,TRUE
41005,0.01,52,38,TRUE
41006,0,61,35,FALSE
41007,0,70,45,FALSE
41008,0,68,43,FALSE
41009,0,64,48,FALSE
41010,0.09,52,45,TRUE
41011,0.02,57,42,TRUE
41012,0,59,39,FALSE
41013,0,60,38,FALSE
41014,0,61,45,FALSE
41015,0.32,56,44,TRUE
41016,0.07,50,40,TRUE
41017,0.07,56,45,TRUE
41018,0.43,57,41,TRUE
41019,0.26,56,44,TRUE
41020,0,68,40,FALSE
41021,0,74,47,FALSE
41022,0,71,48,FALSE
41023,0.17,57,50,TRUE
41024,0.42,62,48,TRUE
41025,0.15,57,44,TRUE
41026,0.03,56,43,TRUE
41027,0,61,47,FALSE
41028,0.17,60,48,TRUE
41029,0.17,55,45,TRUE
41030,0.02,53,43,TRUE
41031,0.02,56,42,TRUE
41032,0.73,52,45,TRUE
41033,0.07,54,43,TRUE
41034,0,56,41,FALSE
41035,0,64,41,FALSE
41036,0,75,43,FALSE
41037,0,65,49,FALSE
41038,0,56,44,FALSE
41039,0,58,39,FALSE
41040,0,65,40,FALSE
41041,0,76,44,FALSE
41042,0,78,49,FALSE
41043,0,80,55,FALSE
41044,0,76,49,FALSE
41045,0,67,49,FALSE
41046,0,64,44,FALSE
41047,0,60,46,FALSE
41048,0,67,45,FALSE
41049,0.25,58,53,TRUE
41050,0.55,62,50,TRUE
41051,0.24,55,48,TRUE
41052,0.01,58,48,TRUE
41053,0,63,48,FALSE
41054,0,72,48,FALSE
41055,0,72,48,FALSE
41056,0,63,53,FALSE
41057,0,62,50,FALSE
41058,0,61,46,FALSE
41059,0.01,66,52,TRUE
41060,0.15,64,54,TRUE
41061,0.26,68,55,TRUE
41062,0.01,66,51,TRUE
41063,0,63,49,FALSE
41064,0.05,55,48,TRUE
41065,0.63,56,47,TRUE
41066,0,61,43,FALSE
41067,0.65,61,48,TRUE
41068,0.06,59,47,TRUE
41069,0,63,47,FALSE
41070,0,66,50,FALSE
41071,0,74,50,FALSE
41072,0.03,65,55,TRUE
41073,0,61,52,FALSE
41074,0,63,50,FALSE
41075,0,72,49,FALSE
41076,0,70,59,FALSE
41077,0,66,53,FALSE
41078,0.12,63,50,TRUE
41079,0.04,67,50,TRUE
41080,0,76,50,FALSE
41081,0,75,53,FALSE
41082,0.62,57,53,TRUE
41083,0.34,60,49,TRUE
41084,0,67,49,FALSE
41085,0.02,67,52,TRUE
41086,0,65,51,FALSE
41087,0,73,48,FALSE
41088,0,72,53,FALSE
41089,0.01,71,59,TRUE
41090,0.12,68,56,TRUE
41091,0,68,54,FALSE
41092,0.08,66,53,TRUE
41093,0.23,65,51,TRUE
41094,0,69,49,FALSE
41095,0,76,51,FALSE
41096,0,77,52,FALSE
41097,0,80,55,FALSE
41098,0,83,58,FALSE
41099,0.06,77,55,TRUE
41100,0,75,52,FALSE
41101,0,82,56,FALSE
41102,0,78,56,FALSE
41103,0.02,74,57,TRUE
41104,0,77,59,FALSE
41105,0,66,56,FALSE
41106,0.01,79,56,TRUE
41107,0,71,59,FALSE
41108,0,70,58,FALSE
41109,0,77,58,FALSE
41110,0.6,67,57,TRUE
41111,0,75,57,FALSE
41112,0.04,69,54,TRUE
41113,0,66,52,FALSE
41114,0,74,54,FALSE
41115,0,80,55,FALSE
41116,0,78,55,FALSE
41117,0,66,57,FALSE
41118,0,72,56,FALSE
41119,0,73,59,FALSE
41120,0,67,56,FALSE
41121,0,73,57,FALSE
41122,0,75,56,FALSE
41123,0,74,54,FALSE
41124,0,81,55,FALSE
41125,0,93,62,FALSE
41126,0,93,64,FALSE
41127,0,83,60,FALSE
41128,0,70,59,FALSE
41129,0,72,59,FALSE
41130,0,76,58,FALSE
41131,0,78,54,FALSE
41132,0,83,56,FALSE
41133,0,87,59,FALSE
41134,0,87,59,FALSE
41135,0,84,57,FALSE
41136,0,88,62,FALSE
41137,0,94,65,FALSE
41138,0,91,61,FALSE
41139,0,71,58,FALSE
41140,0,74,59,FALSE
41141,0,78,59,FALSE
41142,0,74,56,FALSE
41143,0,72,56,FALSE
41144,0,70,57,FALSE
41145,0,72,50,FALSE
41146,0,79,53,FALSE
41147,0,70,54,FALSE
41148,0,75,56,FALSE
41149,0,73,54,FALSE
41150,0,73,56,FALSE
41151,0,73,55,FALSE
41152,0,72,51,FALSE
41153,0,71,51,FALSE
41154,0,70,50,FALSE
41155,0,73,55,FALSE
41156,0,76,52,FALSE
41157,0,79,53,FALSE
41158,0,83,58,FALSE
41159,0,90,56,FALSE
41160,0,77,56,FALSE
41161,0.01,66,57,TRUE
41162,0.01,68,53,TRUE
41163,0,68,48,FALSE
41164,0,72,50,FALSE
41165,0,82,53,FALSE
41166,0,79,52,FALSE
41167,0,72,52,FALSE
41168,0,76,49,FALSE
41169,0,82,53,FALSE
41170,0,82,53,FALSE
41171,0,75,53,FALSE
41172,0,67,50,FALSE
41173,0,61,55,FALSE
41174,0.01,67,53,TRUE
41175,0,67,50,FALSE
41176,0,70,50,FALSE
41177,0,67,52,FALSE
41178,0,67,49,FALSE
41179,0,73,50,FALSE
41180,0,77,54,FALSE
41181,0,69,54,FALSE
41182,0,70,46,FALSE
41183,0,74,48,FALSE
41184,0,64,50,FALSE
41185,0,66,46,FALSE
41186,0,66,47,FALSE
41187,0,71,48,FALSE
41188,0,75,46,FALSE
41189,0,75,46,FALSE
41190,0,70,46,FALSE
41191,0,61,48,FALSE
41192,0,54,47,FALSE
41193,0,57,45,FALSE
41194,0.08,57,48,TRUE
41195,0.19,60,54,TRUE
41196,0.65,64,56,TRUE
41197,0.31,63,52,TRUE
41198,0,61,47,FALSE
41199,0,58,43,FALSE
41200,0.82,64,44,TRUE
41201,0.19,59,49,TRUE
41202,0.02,52,43,TRUE
41203,0.25,53,40,TRUE
41204,0.35,46,38,TRUE
41205,0,52,42,FALSE
41206,0.28,53,43,TRUE
41207,0,53,44,FALSE
41208,0.06,52,45,TRUE
41209,0.91,58,49,TRUE
41210,0.24,58,50,TRUE
41211,0.43,60,50,TRUE
41212,1.36,59,54,TRUE
41213,0.57,60,52,TRUE
41214,0.38,59,51,TRUE
41215,0.22,59,51,TRUE
41216,0.02,60,52,TRUE
41217,0.32,64,55,TRUE
41218,0.03,59,46,TRUE
41219,0.01,55,44,TRUE
41220,0,54,39,FALSE
41221,0,50,34,FALSE
41222,0,48,34,FALSE
41223,0,46,31,FALSE
41224,0.6,48,34,TRUE
41225,0.14,55,43,TRUE
41226,0.21,52,46,TRUE
41227,0.03,52,41,TRUE
41228,0,49,37,FALSE
41229,0.22,49,36,TRUE
41230,0.24,54,43,TRUE
41231,0.31,50,43,TRUE
41232,2.13,56,47,TRUE
41233,0.15,52,45,TRUE
41234,0.44,47,39,TRUE
41235,0,48,37,FALSE
41236,1.26,49,43,TRUE
41237,0,48,39,FALSE
41238,0,47,34,FALSE
41239,0,49,35,FALSE
41240,0,50,35,FALSE
41241,0.11,49,36,TRUE
41242,0.06,55,46,TRUE
41243,1.4,59,46,TRUE
41244,0.16,56,47,TRUE
41245,0.77,47,45,TRUE
41246,0.51,49,45,TRUE
41247,0.56,53,45,TRUE
41248,0.06,48,40,TRUE
41249,0.06,45,43,TRUE
41250,0.04,46,38,TRUE
41251,0,44,38,FALSE
41252,0.06,44,37,TRUE
41253,0.02,45,42,TRUE
41254,0.12,46,42,TRUE
41255,0.32,44,40,TRUE
41256,0.09,45,38,TRUE
41257,0.31,43,34,TRUE
41258,0.21,40,33,TRUE
41259,0.89,44,38,TRUE
41260,0.08,47,35,TRUE
41261,0.13,39,33,TRUE
41262,0.54,47,35,TRUE
41263,0.52,45,33,TRUE
41264,0.07,47,29,TRUE
41265,0.13,47,39,TRUE
41266,0.26,45,38,TRUE
41267,0.01,42,37,TRUE
41268,0.53,42,37,TRUE
41269,0.18,44,38,TRUE
41270,0.16,46,38,TRUE
41271,0,47,39,FALSE
41272,0.06,41,38,TRUE
41273,0,40,32,FALSE
41274,0,38,30,FALSE
41275,0,41,27,FALSE
41276,0,43,30,FALSE
41277,0.16,44,29,TRUE
41278,0.1,50,36,TRUE
41279,0.12,44,40,TRUE
41280,0.08,45,37,TRUE
41281,0.09,50,40,TRUE
41282,0.64,53,42,TRUE
41283,1.51,50,35,TRUE
41284,0.01,38,31,TRUE
41285,0,37,27,FALSE
41286,0,37,25,FALSE
41287,0,36,24,FALSE
41288,0,38,28,FALSE
41289,0,44,31,FALSE
41290,0,43,25,FALSE
41291,0,39,27,FALSE
41292,0,38,30,FALSE
41293,0,34,31,FALSE
41294,0,38,31,FALSE
41295,0,36,29,FALSE
41296,0,38,29,FALSE
41297,0.2,45,36,TRUE
41298,0.23,45,34,TRUE
41299,0.12,51,37,TRUE
41300,0.09,47,39,TRUE
41301,0.07,42,39,TRUE
41302,0.31,43,38,TRUE
41303,0.17,47,41,TRUE
41304,0.14,48,44,TRUE
41305,0.12,49,45,TRUE
41306,0.01,53,41,TRUE
41307,0,43,37,FALSE
41308,0.09,48,37,TRUE
41309,0,51,44,FALSE
41310,0.13,50,44,TRUE
41311,0.04,51,43,TRUE
41312,0.05,49,38,TRUE
41313,0,46,36,FALSE
41314,0.01,47,40,TRUE
41315,0,48,35,FALSE
41316,0.01,47,40,TRUE
41317,0.04,52,45,TRUE
41318,0.09,49,45,TRUE
41319,0.04,49,42,TRUE
41320,0,56,41,FALSE
41321,0,52,39,FALSE
41322,0,49,40,FALSE
41323,0,46,39,FALSE
41324,0,51,35,FALSE
41325,0.06,46,34,TRUE
41326,0.02,44,39,TRUE
41327,0.37,46,39,TRUE
41328,0.01,50,39,TRUE
41329,0,48,41,FALSE
41330,0.09,51,38,TRUE
41331,0.02,48,39,TRUE
41332,0.18,50,40,TRUE
41333,0.32,53,44,TRUE
41334,0.16,59,52,TRUE
41335,0.03,57,41,TRUE
41336,0,52,36,FALSE
41337,0,56,32,FALSE
41338,0,49,43,FALSE
41339,0.47,45,41,TRUE
41340,0.29,54,41,TRUE
41341,0,53,36,FALSE
41342,0,55,34,FALSE
41343,0.03,46,39,TRUE
41344,0.05,51,43,TRUE
41345,0.08,55,50,TRUE
41346,0.09,53,49,TRUE
41347,0.11,53,49,TRUE
41348,0,58,48,FALSE
41349,0.17,51,40,TRUE
41350,0,48,39,FALSE
41351,0,53,39,FALSE
41352,0.46,55,35,TRUE
41353,0.39,52,40,TRUE
41354,0.32,50,36,TRUE
41355,0,49,33,FALSE
41356,0,50,34,FALSE
41357,0,54,33,FALSE
41358,0,62,40,FALSE
41359,0,62,43,FALSE
41360,0.01,56,45,TRUE
41361,0.08,61,47,TRUE
41362,0,65,46,FALSE
41363,0,68,42,FALSE
41364,0,69,44,FALSE
41365,0,63,47,FALSE
41366,0,57,48,FALSE
41367,0,62,46,FALSE
41368,0.33,58,50,TRUE
41369,0.73,57,50,TRUE
41370,0.5,54,45,TRUE
41371,1.54,47,41,TRUE
41372,0.03,56,43,TRUE
41373,0,54,43,FALSE
41374,0.37,59,48,TRUE
41375,0.06,54,44,TRUE
41376,0.38,46,40,TRUE
41377,0.37,51,38,TRUE
41378,0.23,55,40,TRUE
41379,0,57,40,FALSE
41380,0.01,57,38,TRUE
41381,0,59,39,FALSE
41382,0.21,53,44,TRUE
41383,0.81,56,49,TRUE
41384,0,57,47,FALSE
41385,0.13,54,44,TRUE
41386,0,61,41,FALSE
41387,0,64,39,FALSE
41388,0,70,43,FALSE
41389,0,71,44,FALSE
41390,0,69,47,FALSE
41391,0,57,51,FALSE
41392,0.04,59,49,TRUE
41393,0.15,57,44,TRUE
41394,0,55,40,FALSE
41395,0,65,38,FALSE
41396,0,69,44,FALSE
41397,0,71,49,FALSE
41398,0,77,52,FALSE
41399,0,84,53,FALSE
41400,0,87,54,FALSE
41401,0,69,52,FALSE
41402,0,67,52,FALSE
41403,0,73,50,FALSE
41404,0,79,49,FALSE
41405,0,81,54,FALSE
41406,0.26,71,57,TRUE
41407,0.13,66,49,TRUE
41408,0,65,46,FALSE
41409,0.04,63,48,TRUE
41410,0,71,54,FALSE
41411,0.02,63,53,TRUE
41412,0,62,52,FALSE
41413,0,65,51,FALSE
41414,0,67,49,FALSE
41415,0.54,60,47,TRUE
41416,0.54,52,45,TRUE
41417,0.16,54,44,TRUE
41418,0.01,62,48,TRUE
41419,0,64,50,FALSE
41420,0.06,65,51,TRUE
41421,0.38,62,52,TRUE
41422,0.02,63,53,TRUE
41423,0.22,61,49,TRUE
41424,0,62,49,FALSE
41425,0,67,52,FALSE
41426,0,73,54,FALSE
41427,0.04,69,54,TRUE
41428,0,72,52,FALSE
41429,0,79,54,FALSE
41430,0,80,58,FALSE
41431,0,80,54,FALSE
41432,0,71,56,FALSE
41433,0,69,55,FALSE
41434,0,69,52,FALSE
41435,0,71,53,FALSE
41436,0,68,50,FALSE
41437,0.01,69,53,TRUE
41438,0,70,53,FALSE
41439,0,68,54,FALSE
41440,0,78,50,FALSE
41441,0,75,55,FALSE
41442,0,78,57,FALSE
41443,0.01,74,56,TRUE
41444,0,68,55,FALSE
41445,0.12,63,55,TRUE
41446,0.01,69,54,TRUE
41447,0,78,53,FALSE
41448,0.31,72,59,TRUE
41449,0.19,70,57,TRUE
41450,0.39,74,58,TRUE
41451,0.08,72,59,TRUE
41452,0.14,70,62,TRUE
41453,0,87,61,FALSE
41454,0,86,65,FALSE
41455,0,93,63,FALSE
41456,0,89,65,FALSE
41457,0,83,60,FALSE
41458,0,79,62,FALSE
41459,0,71,57,FALSE
41460,0,74,57,FALSE
41461,0,79,56,FALSE
41462,0,75,57,FALSE
41463,0,80,56,FALSE
41464,0,86,59,FALSE
41465,0,72,57,FALSE
41466,0,73,54,FALSE
41467,0,67,56,FALSE
41468,0,79,52,FALSE
41469,0,82,55,FALSE
41470,0,82,58,FALSE
41471,0,88,65,FALSE
41472,0,72,59,FALSE
41473,0,79,57,FALSE
41474,0,82,56,FALSE
41475,0,77,56,FALSE
41476,0,75,55,FALSE
41477,0,79,56,FALSE
41478,0,88,57,FALSE
41479,0,88,58,FALSE
41480,0,88,55,FALSE
41481,0,88,58,FALSE
41482,0,78,55,FALSE
41483,0,70,54,FALSE
41484,0,77,56,FALSE
41485,0,77,56,FALSE
41486,0,71,56,FALSE
41487,0,69,56,FALSE
41488,0.08,63,59,TRUE
41489,0,77,60,FALSE
41490,0,84,59,FALSE
41491,0,86,59,FALSE
41492,0,87,57,FALSE
41493,0,88,57,FALSE
41494,0,83,58,FALSE
41495,0,83,58,FALSE
41496,0.09,78,59,TRUE
41497,0,77,58,FALSE
41498,0,78,61,FALSE
41499,0,82,59,FALSE
41500,0.03,81,59,TRUE
41501,0.07,70,63,TRUE
41502,0,84,61,FALSE
41503,0,78,63,FALSE
41504,0,79,60,FALSE
41505,0,80,60,FALSE
41506,0,78,61,FALSE
41507,0,82,59,FALSE
41508,0,84,59,FALSE
41509,0,77,61,FALSE
41510,0,77,62,FALSE
41511,0.01,72,61,TRUE
41512,0.04,76,61,TRUE
41513,0.05,80,63,TRUE
41514,0.22,80,60,TRUE
41515,0.76,75,65,TRUE
41516,0,79,61,FALSE
41517,0,82,57,FALSE
41518,0,82,60,FALSE
41519,0,82,63,FALSE
41520,0.09,77,62,TRUE
41521,0.01,73,61,TRUE
41522,1.09,68,60,TRUE
41523,0.84,71,61,TRUE
41524,0,74,63,FALSE
41525,0,80,58,FALSE
41526,0,79,57,FALSE
41527,0,80,59,FALSE
41528,0,93,61,FALSE
41529,0,78,59,FALSE
41530,0,66,60,FALSE
41531,0,71,60,FALSE
41532,0.13,66,58,TRUE
41533,0.01,71,59,TRUE
41534,0,64,57,FALSE
41535,0,70,56,FALSE
41536,0,78,50,FALSE
41537,0.14,74,56,TRUE
41538,0,70,56,FALSE
41539,0.53,63,56,TRUE
41540,0.11,61,52,TRUE
41541,0,64,50,FALSE
41542,0.08,61,49,TRUE
41543,0,63,45,FALSE
41544,0.04,57,51,TRUE
41545,1.71,62,53,TRUE
41546,0.66,58,52,TRUE
41547,0.73,57,50,TRUE
41548,0.31,58,48,TRUE
41549,0.21,55,49,TRUE
41550,0.03,58,48,TRUE
41551,0,64,42,FALSE
41552,0,68,47,FALSE
41553,0.16,73,46,TRUE
41554,0.02,61,53,TRUE
41555,0.27,57,46,TRUE
41556,0,59,42,FALSE
41557,0.04,58,47,TRUE
41558,0.36,57,51,TRUE
41559,0.04,58,48,TRUE
41560,0,59,44,FALSE
41561,0,60,39,FALSE
41562,0,60,41,FALSE
41563,0,55,48,FALSE
41564,0,58,48,FALSE
41565,0,55,45,FALSE
41566,0,51,46,FALSE
41567,0,51,46,FALSE
41568,0,53,47,FALSE
41569,0,58,45,FALSE
41570,0,55,43,FALSE
41571,0,50,43,FALSE
41572,0,54,46,FALSE
41573,0,53,47,FALSE
41574,0.07,57,47,TRUE
41575,0,58,45,FALSE
41576,0,56,38,FALSE
41577,0.02,59,42,TRUE
41578,0.01,58,51,TRUE
41579,0.05,64,53,TRUE
41580,0.5,58,47,TRUE
41581,0.02,54,40,TRUE
41582,0,51,39,FALSE
41583,0.1,56,45,TRUE
41584,0.15,55,46,TRUE
41585,1.18,52,50,TRUE
41586,0,56,45,FALSE
41587,0.07,52,41,TRUE
41588,0,52,47,FALSE
41589,0,61,43,FALSE
41590,0.16,60,48,TRUE
41591,0,57,51,FALSE
41592,0.05,52,43,TRUE
41593,0.12,51,45,TRUE
41594,0,50,41,FALSE
41595,0.21,53,45,TRUE
41596,1.03,55,49,TRUE
41597,0.04,56,40,TRUE
41598,0,46,35,FALSE
41599,0,46,31,FALSE
41600,0,49,32,FALSE
41601,0,52,34,FALSE
41602,0,53,33,FALSE
41603,0,54,36,FALSE
41604,0,54,37,FALSE
41605,0,58,42,FALSE
41606,0,53,38,FALSE
41607,0.02,49,41,TRUE
41608,0.09,52,45,TRUE
41609,0.12,56,46,TRUE
41610,0.18,46,35,TRUE
41611,0,41,31,FALSE
41612,0,40,28,FALSE
41613,0,34,23,FALSE
41614,0,34,24,FALSE
41615,0,32,19,FALSE
41616,0,36,20,FALSE
41617,0,34,23,FALSE
41618,0,42,33,FALSE
41619,0,41,29,FALSE
41620,0.27,42,31,TRUE
41621,0.02,49,42,TRUE
41622,0,49,43,FALSE
41623,0.05,53,47,TRUE
41624,0.01,50,40,TRUE
41625,0,47,40,FALSE
41626,0.05,46,36,TRUE
41627,0,41,32,FALSE
41628,0.22,47,33,TRUE
41629,0.22,48,42,TRUE
41630,0.42,51,47,TRUE
41631,0.06,53,43,TRUE
41632,0,47,37,FALSE
41633,0,44,35,FALSE
41634,0,44,33,FALSE
41635,0.01,48,32,TRUE
41636,0,49,38,FALSE
41637,0,45,35,FALSE
41638,0.01,48,40,TRUE
41639,0.02,47,41,TRUE
41640,0,45,38,FALSE
41641,0.16,51,43,TRUE
41642,0.06,48,37,TRUE
41643,0,46,33,FALSE
41644,0,47,31,FALSE
41645,0.01,46,31,TRUE
41646,0.48,47,41,TRUE
41647,0.38,50,45,TRUE
41648,0.23,49,42,TRUE
41649,0.17,55,47,TRUE
41650,0.84,58,45,TRUE
41651,0.06,52,42,TRUE
41652,0,51,50,FALSE
41653,0,52,45,FALSE
41654,0,52,42,FALSE
41655,0,44,40,FALSE
41656,0,42,37,FALSE
41657,0,49,33,FALSE
41658,0,43,38,FALSE
41659,0,50,37,FALSE
41660,0,50,35,FALSE
41661,0.02,49,42,TRUE
41662,0,50,37,FALSE
41663,0,55,34,FALSE
41664,0,54,34,FALSE
41665,0,47,33,FALSE
41666,0,49,35,FALSE
41667,0.35,52,43,TRUE
41668,0.85,52,45,TRUE
41669,0,47,43,FALSE
41670,0.09,46,42,TRUE
41671,0.08,46,37,TRUE
41672,0,48,34,FALSE
41673,0,41,32,FALSE
41674,0,37,28,FALSE
41675,0,31,22,FALSE
41676,0,29,21,FALSE
41677,0,38,23,FALSE
41678,0.2,42,31,TRUE
41679,0.02,39,32,TRUE
41680,0.72,50,36,TRUE
41681,0.67,54,42,TRUE
41682,0.18,54,45,TRUE
41683,0.07,55,46,TRUE
41684,0.37,53,43,TRUE
41685,0.46,52,41,TRUE
41686,1.04,49,39,TRUE
41687,0.57,47,40,TRUE
41688,0.6,48,41,TRUE
41689,0.04,47,39,TRUE
41690,0.12,50,42,TRUE
41691,0.11,44,39,TRUE
41692,0.1,42,37,TRUE
41693,0.24,45,39,TRUE
41694,0.51,44,38,TRUE
41695,0.01,54,39,TRUE
41696,0,57,42,FALSE
41697,0,55,40,FALSE
41698,0,58,40,FALSE
41699,0.02,45,40,TRUE
41700,0.75,52,37,TRUE
41701,0.42,58,48,TRUE
41702,0.65,57,46,TRUE
41703,1.84,60,51,TRUE
41704,0.12,56,50,TRUE
41705,0,60,48,FALSE
41706,1.27,55,44,TRUE
41707,0.17,59,49,TRUE
41708,0.74,54,43,TRUE
41709,0,58,40,FALSE
41710,0,61,38,FALSE
41711,0.02,57,41,TRUE
41712,0.27,58,47,TRUE
41713,0.32,62,40,TRUE
41714,1.09,51,40,TRUE
41715,0.01,50,37,TRUE
41716,0,50,38,FALSE
41717,0.02,52,38,TRUE
41718,0,52,35,FALSE
41719,0,51,37,FALSE
41720,0,52,34,FALSE
41721,0,55,40,FALSE
41722,0,66,37,FALSE
41723,0.16,57,44,TRUE
41724,0.14,52,42,TRUE
41725,0.01,54,44,TRUE
41726,0.87,53,45,TRUE
41727,0.55,53,45,TRUE
41728,0,52,41,FALSE
41729,0,60,36,FALSE
41730,0,58,44,FALSE
41731,0,58,42,FALSE
41732,0.1,56,43,TRUE
41733,0,55,43,FALSE
41734,0.18,53,46,TRUE
41735,0,57,47,FALSE
41736,0,70,49,FALSE
41737,0.18,60,47,TRUE
41738,0,58,44,FALSE
41739,0,59,44,FALSE
41740,0,63,41,FALSE
41741,0,61,46,FALSE
41742,0,69,42,FALSE
41743,0,68,42,FALSE
41744,0.02,58,46,TRUE
41745,0.43,52,48,TRUE
41746,0.73,53,45,TRUE
41747,0,58,42,FALSE
41748,0.54,53,42,TRUE
41749,0,60,42,FALSE
41750,0.2,63,46,TRUE
41751,0.56,54,41,TRUE
41752,0.35,53,43,TRUE
41753,0.49,57,43,TRUE
41754,0,58,42,FALSE
41755,0.13,59,42,TRUE
41756,0.27,52,43,TRUE
41757,0,61,40,FALSE
41758,0,77,49,FALSE
41759,0,82,49,FALSE
41760,0,85,52,FALSE
41761,0,65,51,FALSE
41762,1.31,59,48,TRUE
41763,0.63,58,48,TRUE
41764,0.2,60,49,TRUE
41765,0,62,47,FALSE
41766,0,65,45,FALSE
41767,0.54,57,49,TRUE
41768,0.08,56,45,TRUE
41769,0.02,60,45,TRUE
41770,0,66,47,FALSE
41771,0,76,49,FALSE
41772,0,80,55,FALSE
41773,0,82,56,FALSE
41774,0,80,55,FALSE
41775,0,68,53,FALSE
41776,0,68,53,FALSE
41777,0,68,51,FALSE
41778,0,70,50,FALSE
41779,0,72,50,FALSE
41780,0,68,51,FALSE
41781,0,76,53,FALSE
41782,0.15,68,55,TRUE
41783,0,65,52,FALSE
41784,0.22,59,51,TRUE
41785,0,65,52,FALSE
41786,0,68,50,FALSE
41787,0,66,50,FALSE
41788,0,66,52,FALSE
41789,0,69,48,FALSE
41790,0,74,50,FALSE
41791,0,72,51,FALSE
41792,0,74,52,FALSE
41793,0,65,52,FALSE
41794,0,67,50,FALSE
41795,0,72,50,FALSE
41796,0,77,51,FALSE
41797,0,76,56,FALSE
41798,0,74,54,FALSE
41799,0,70,56,FALSE
41800,0,68,54,FALSE
41801,0,75,52,FALSE
41802,0.07,71,54,TRUE
41803,0.25,60,52,TRUE
41804,0,64,53,FALSE
41805,0.02,65,50,TRUE
41806,0.14,64,48,TRUE
41807,0.05,64,50,TRUE
41808,0,66,52,FALSE
41809,0.03,78,53,TRUE
41810,0.01,68,50,TRUE
41811,0,72,51,FALSE
41812,0,77,52,FALSE
41813,0,77,56,FALSE
41814,0,76,58,FALSE
41815,0,79,57,FALSE
41816,0,70,58,FALSE
41817,0.07,70,57,TRUE
41818,0.09,68,56,TRUE
41819,0,69,55,FALSE
41820,0,78,55,FALSE
41821,0,94,60,FALSE
41822,0,81,58,FALSE
41823,0,71,57,FALSE
41824,0,75,57,FALSE
41825,0,76,56,FALSE
41826,0,84,59,FALSE
41827,0,81,64,FALSE
41828,0,86,60,FALSE
41829,0,80,57,FALSE
41830,0,84,55,FALSE
41831,0,88,59,FALSE
41832,0,90,62,FALSE
41833,0,85,59,FALSE
41834,0,82,59,FALSE
41835,0,88,57,FALSE
41836,0,88,58,FALSE
41837,0,80,57,FALSE
41838,0,75,53,FALSE
41839,0,78,59,FALSE
41840,0,67,58,FALSE
41841,0,75,56,FALSE
41842,0.01,70,56,TRUE
41843,0.76,66,56,TRUE
41844,0,69,55,FALSE
41845,0,73,54,FALSE
41846,0,79,56,FALSE
41847,0,83,59,FALSE
41848,0,87,59,FALSE
41849,0,86,60,FALSE
41850,0,85,58,FALSE
41851,0,87,64,FALSE
41852,0,84,59,FALSE
41853,0.02,85,60,TRUE
41854,0,89,58,FALSE
41855,0,91,61,FALSE
41856,0,77,57,FALSE
41857,0,79,59,FALSE
41858,0,78,56,FALSE
41859,0,78,56,FALSE
41860,0,81,60,FALSE
41861,0,87,57,FALSE
41862,0.02,96,64,TRUE
41863,0.5,81,63,TRUE
41864,0.85,74,59,TRUE
41865,0,70,63,FALSE
41866,0.04,76,62,TRUE
41867,0,78,60,FALSE
41868,0,82,59,FALSE
41869,0,85,60,FALSE
41870,0,81,60,FALSE
41871,0,71,57,FALSE
41872,0,70,52,FALSE
41873,0,75,56,FALSE
41874,0,82,57,FALSE
41875,0,77,56,FALSE
41876,0,84,58,FALSE
41877,0,88,60,FALSE
41878,0,84,61,FALSE
41879,0,74,58,FALSE
41880,0,73,59,FALSE
41881,0.33,64,59,TRUE
41882,0.05,70,57,TRUE
41883,0,74,55,FALSE
41884,0.12,68,57,TRUE
41885,0,69,55,FALSE
41886,0,75,52,FALSE
41887,0,82,57,FALSE
41888,0,90,59,FALSE
41889,0,83,56,FALSE
41890,0,70,56,FALSE
41891,0,71,56,FALSE
41892,0,72,54,FALSE
41893,0,76,55,FALSE
41894,0,76,55,FALSE
41895,0,83,50,FALSE
41896,0,86,53,FALSE
41897,0,87,54,FALSE
41898,0,72,57,FALSE
41899,0.02,73,58,TRUE
41900,0.01,67,59,TRUE
41901,0,75,61,FALSE
41902,0,76,58,FALSE
41903,0,79,55,FALSE
41904,0.01,72,59,TRUE
41905,0.72,66,58,TRUE
41906,0.8,66,58,TRUE
41907,0.17,71,58,TRUE
41908,0.35,68,57,TRUE
41909,0,69,53,FALSE
41910,0,66,54,FALSE
41911,0.03,62,52,TRUE
41912,0,67,54,FALSE
41913,0,65,52,FALSE
41914,0,67,50,FALSE
41915,0,72,48,FALSE
41916,0,71,54,FALSE
41917,0,75,53,FALSE
41918,0,78,56,FALSE
41919,0,66,57,FALSE
41920,0,69,55,FALSE
41921,0,63,52,FALSE
41922,0.01,65,50,TRUE
41923,0.29,65,53,TRUE
41924,0,64,53,FALSE
41925,0.3,70,50,TRUE
41926,0.28,62,53,TRUE
41927,0.34,61,53,TRUE
41928,0,69,52,FALSE
41929,0.13,62,53,TRUE
41930,0.59,67,57,TRUE
41931,0,72,55,FALSE
41932,0.46,61,54,TRUE
41933,0.04,61,53,TRUE
41934,1.26,60,53,TRUE
41935,0.37,58,47,TRUE
41936,0.16,58,48,TRUE
41937,0.24,62,47,TRUE
41938,0.06,55,46,TRUE
41939,0.03,60,44,TRUE
41940,0.5,59,49,TRUE
41941,0.02,62,53,TRUE
41942,1,60,52,TRUE
41943,0.67,55,47,TRUE
41944,0,52,45,FALSE
41945,0.07,56,45,TRUE
41946,0.43,57,52,TRUE
41947,0.16,58,51,TRUE
41948,0.19,59,51,TRUE
41949,0.16,62,51,TRUE
41950,0,58,45,FALSE
41951,0,55,39,FALSE
41952,0.2,56,46,TRUE
41953,0,52,42,FALSE
41954,0,46,34,FALSE
41955,0,44,32,FALSE
41956,0,45,33,FALSE
41957,0,45,28,FALSE
41958,0,47,29,FALSE
41959,0,49,28,FALSE
41960,0,51,28,FALSE
41961,0,45,31,FALSE
41962,0,52,36,FALSE
41963,0.14,52,42,TRUE
41964,0.6,52,47,TRUE
41965,0.02,49,44,TRUE
41966,0.47,55,42,TRUE
41967,0.05,53,40,TRUE
41968,0.72,57,49,TRUE
41969,0.01,59,54,TRUE
41970,0.13,58,53,TRUE
41971,1.35,55,38,TRUE
41972,0.14,40,24,TRUE
41973,0,37,23,FALSE
41974,0,40,26,FALSE
41975,0,42,26,FALSE
41976,0,50,32,FALSE
41977,0.03,47,39,TRUE
41978,0.12,55,44,TRUE
41979,0.29,53,46,TRUE
41980,0,58,43,FALSE
41981,0.36,58,48,TRUE
41982,0.39,61,51,TRUE
41983,0.51,66,50,TRUE
41984,0.27,58,47,TRUE
41985,0,52,45,FALSE
41986,0,50,39,FALSE
41987,0,55,35,FALSE
41988,0,54,44,FALSE
41989,0,50,47,FALSE
41990,0.11,48,43,TRUE
41991,0.51,49,44,TRUE
41992,0.12,52,45,TRUE
41993,0.77,55,44,TRUE
41994,0,55,50,FALSE
41995,0,51,43,FALSE
41996,0.81,54,41,TRUE
41997,0.21,45,39,TRUE
41998,0,46,37,FALSE
41999,0,42,35,FALSE
42000,0.13,49,40,TRUE
42001,0.16,44,37,TRUE
42002,0,43,33,FALSE
42003,0,38,28,FALSE
42004,0,38,27,FALSE
42005,0,42,26,FALSE
42006,0.06,42,32,TRUE
42007,0,41,35,FALSE
42008,0.4,51,38,TRUE
42009,0.32,54,49,TRUE
42010,0,54,43,FALSE
42011,0,46,42,FALSE
42012,0,46,35,FALSE
42013,0.01,50,38,TRUE
42014,0.23,46,43,TRUE
42015,0.06,49,45,TRUE
42016,0,52,40,FALSE
42017,0,49,37,FALSE
42018,0,43,33,FALSE
42019,0.38,46,34,TRUE
42020,0,53,42,FALSE
42021,1.03,56,38,TRUE
42022,0.84,57,45,TRUE
42023,0.02,50,43,TRUE
42024,0,50,38,FALSE
42025,0,45,31,FALSE
42026,0.03,49,43,TRUE
42027,0.23,54,47,TRUE
42028,0.02,58,52,TRUE
42029,0,63,45,FALSE
42030,0,61,43,FALSE
42031,0.03,52,47,TRUE
42032,0,54,41,FALSE
42033,0,54,38,FALSE
42034,0,47,34,FALSE
42035,0,45,38,FALSE
42036,0.06,49,40,TRUE
42037,0.29,52,41,TRUE
42038,0.05,50,42,TRUE
42039,0.33,51,40,TRUE
42040,1.03,56,47,TRUE
42041,0.68,58,50,TRUE
42042,0.93,54,49,TRUE
42043,0.14,59,47,TRUE
42044,0.24,56,47,TRUE
42045,0.01,55,47,TRUE
42046,0,55,42,FALSE
42047,0.04,62,49,TRUE
42048,0,60,44,FALSE
42049,0.01,58,44,TRUE
42050,0,54,39,FALSE
42051,0,59,42,FALSE
42052,0,61,40,FALSE
42053,0,54,40,FALSE
42054,0.18,51,47,TRUE
42055,0.03,52,45,TRUE
42056,0,54,42,FALSE
42057,0,53,38,FALSE
42058,0,55,33,FALSE
42059,0,52,36,FALSE
42060,0.16,50,44,TRUE
42061,0.37,53,46,TRUE
42062,0.72,50,44,TRUE
42063,0,54,38,FALSE
42064,0,52,34,FALSE
42065,0,52,40,FALSE
42066,0,51,32,FALSE
42067,0,55,31,FALSE
42068,0,56,37,FALSE
42069,0,59,38,FALSE
42070,0,62,39,FALSE
42071,0,63,39,FALSE
42072,0,58,40,FALSE
42073,0.03,56,41,TRUE
42074,0.1,58,48,TRUE
42075,0,64,49,FALSE
42076,0.08,63,46,TRUE
42077,0.67,57,49,TRUE
42078,2.2,51,43,TRUE
42079,0.04,57,43,TRUE
42080,0.03,56,40,TRUE
42081,0,60,45,FALSE
42082,0,60,47,FALSE
42083,0.16,57,48,TRUE
42084,0.15,56,47,TRUE
42085,0.04,53,43,TRUE
42086,0.32,52,42,TRUE
42087,0.3,55,43,TRUE
42088,0.2,58,45,TRUE
42089,0,69,50,FALSE
42090,0.04,65,48,TRUE
42091,0,60,49,FALSE
42092,0,60,48,FALSE
42093,0.07,64,51,TRUE
42094,0.04,55,43,TRUE
42095,0.2,55,42,TRUE
42096,0,56,42,FALSE
42097,0.06,52,41,TRUE
42098,0,55,39,FALSE
42099,0,62,37,FALSE
42100,0.04,57,44,TRUE
42101,0.02,58,44,TRUE
42102,0,63,43,FALSE
42103,0,63,43,FALSE
42104,0.43,57,46,TRUE
42105,0,53,42,FALSE
42106,0,56,42,FALSE
42107,0.55,53,39,TRUE
42108,0.13,53,37,TRUE
42109,0,57,38,FALSE
42110,0,64,39,FALSE
42111,0,66,43,FALSE
42112,0,66,47,FALSE
42113,0,70,47,FALSE
42114,0,73,46,FALSE
42115,0.22,63,44,TRUE
42116,0,60,41,FALSE
42117,0.12,54,44,TRUE
42118,0.13,54,43,TRUE
42119,0.05,56,42,TRUE
42120,0,60,40,FALSE
42121,0.01,77,51,TRUE
42122,0.07,60,48,TRUE
42123,0,61,45,FALSE
42124,0,63,46,FALSE
42125,0,65,48,FALSE
42126,0,65,46,FALSE
42127,0,69,46,FALSE
42128,0,63,45,FALSE
42129,0.24,58,45,TRUE
42130,0,62,45,FALSE
42131,0,69,43,FALSE
42132,0,75,47,FALSE
42133,0,80,49,FALSE
42134,0,67,52,FALSE
42135,0,57,50,FALSE
42136,0.17,60,51,TRUE
42137,0.16,54,50,TRUE
42138,0.01,64,49,TRUE
42139,0,68,49,FALSE
42140,0,60,52,FALSE
42141,0,67,51,FALSE
42142,0,78,54,FALSE
42143,0,71,53,FALSE
42144,0,74,51,FALSE
42145,0,78,53,FALSE
42146,0,62,53,FALSE
42147,0,61,53,FALSE
42148,0,64,52,FALSE
42149,0,60,52,FALSE
42150,0,71,53,FALSE
42151,0,76,53,FALSE
42152,0,82,54,FALSE
42153,0,79,55,FALSE
42154,0,73,50,FALSE
42155,0,77,53,FALSE
42156,0.18,61,53,TRUE
42157,0.02,64,55,TRUE
42158,0,68,53,FALSE
42159,0,73,53,FALSE
42160,0,80,55,FALSE
42161,0,85,56,FALSE
42162,0,88,60,FALSE
42163,0,87,58,FALSE
42164,0,84,58,FALSE
42165,0,78,52,FALSE
42166,0,76,52,FALSE
42167,0,68,53,FALSE
42168,0,75,49,FALSE
42169,0,82,53,FALSE
42170,0,86,61,FALSE
42171,0,73,52,FALSE
42172,0,77,52,FALSE
42173,0,76,57,FALSE
42174,0.02,75,56,TRUE
42175,0,77,55,FALSE
42176,0,78,57,FALSE
42177,0,77,55,FALSE
42178,0,79,53,FALSE
42179,0,78,61,FALSE
42180,0,87,60,FALSE
42181,0,89,64,FALSE
42182,0,92,63,FALSE
42183,0.01,83,65,TRUE
42184,0,84,63,FALSE
42185,0,87,59,FALSE
42186,0,90,63,FALSE
42187,0,93,64,FALSE
42188,0,92,64,FALSE
42189,0,92,59,FALSE
42190,0,91,62,FALSE
42191,0,85,60,FALSE
42192,0,81,57,FALSE
42193,0,86,58,FALSE
42194,0,84,58,FALSE
42195,0,70,62,FALSE
42196,0,72,62,FALSE
42197,0,79,62,FALSE
42198,0,78,61,FALSE
42199,0,82,61,FALSE
42200,0,79,58,FALSE
42201,0,79,59,FALSE
42202,0,82,57,FALSE
42203,0,92,64,FALSE
42204,0,95,63,FALSE
42205,0,80,62,FALSE
42206,0,75,59,FALSE
42207,0,75,57,FALSE
42208,0,79,58,FALSE
42209,0.01,73,56,TRUE
42210,0,70,58,FALSE
42211,0.08,72,57,TRUE
42212,0,74,54,FALSE
42213,0,82,57,FALSE
42214,0,90,58,FALSE
42215,0,94,63,FALSE
42216,0,94,64,FALSE
42217,0,92,60,FALSE
42218,0,87,61,FALSE
42219,0,83,63,FALSE
42220,0,79,58,FALSE
42221,0,74,54,FALSE
42222,0,77,59,FALSE
42223,0,83,60,FALSE
42224,0,77,60,FALSE
42225,0,83,59,FALSE
42226,0,84,61,FALSE
42227,0,86,62,FALSE
42228,0.3,83,62,TRUE
42229,0,83,60,FALSE
42230,1.2,65,59,TRUE
42231,0,71,57,FALSE
42232,0,77,58,FALSE
42233,0,81,57,FALSE
42234,0,86,59,FALSE
42235,0,89,61,FALSE
42236,0.08,73,58,TRUE
42237,0,72,58,FALSE
42238,0,80,54,FALSE
42239,0,82,57,FALSE
42240,0,75,54,FALSE
42241,0,78,54,FALSE
42242,0,83,57,FALSE
42243,0,85,58,FALSE
42244,0.02,74,60,TRUE
42245,1.28,72,56,TRUE
42246,0.4,68,55,TRUE
42247,0,66,61,FALSE
42248,0.23,67,57,TRUE
42249,0,67,52,FALSE
42250,0,65,51,FALSE
42251,0,65,50,FALSE
42252,0.01,69,48,TRUE
42253,0.21,61,53,TRUE
42254,0.01,70,56,TRUE
42255,0,73,56,FALSE
42256,0,76,57,FALSE
42257,0,77,58,FALSE
42258,0,81,59,FALSE
42259,0,80,58,FALSE
42260,0.02,69,55,TRUE
42261,0,62,51,FALSE
42262,0,64,50,FALSE
42263,0.04,68,50,TRUE
42264,0.07,65,55,TRUE
42265,0,67,55,FALSE
42266,0,70,58,FALSE
42267,0.16,73,54,TRUE
42268,0,65,49,FALSE
42269,0,66,46,FALSE
42270,0,69,47,FALSE
42271,0,72,52,FALSE
42272,0.08,60,55,TRUE
42273,0,65,50,FALSE
42274,0,64,45,FALSE
42275,0,70,49,FALSE
42276,0,71,48,FALSE
42277,0,65,50,FALSE
42278,0,70,49,FALSE
42279,0,60,50,FALSE
42280,0,67,52,FALSE
42281,0,73,50,FALSE
42282,0,74,49,FALSE
42283,0,65,50,FALSE
42284,0.39,61,57,TRUE
42285,0,66,56,FALSE
42286,0.01,67,54,TRUE
42287,1.13,70,56,TRUE
42288,0,64,51,FALSE
42289,0.18,65,51,TRUE
42290,0.05,62,49,TRUE
42291,0,59,50,FALSE
42292,0,70,49,FALSE
42293,0,68,48,FALSE
42294,0.01,67,53,TRUE
42295,0.15,59,55,TRUE
42296,0.01,63,54,TRUE
42297,0,64,51,FALSE
42298,0,61,47,FALSE
42299,0,61,48,FALSE
42300,0,55,45,FALSE
42301,0,59,48,FALSE
42302,0.35,67,48,TRUE
42303,0.27,54,50,TRUE
42304,0,61,46,FALSE
42305,0.13,57,52,TRUE
42306,0.07,59,54,TRUE
42307,0.76,63,53,TRUE
42308,1.3,60,53,TRUE
42309,1.03,54,48,TRUE
42310,0.01,52,45,TRUE
42311,0.03,51,41,TRUE
42312,0,50,38,FALSE
42313,0.05,53,46,TRUE
42314,0,60,47,FALSE
42315,0.5,54,49,TRUE
42316,0.26,52,46,TRUE
42317,0.13,50,41,TRUE
42318,0.05,52,39,TRUE
42319,0.06,52,43,TRUE
42320,0.39,52,41,TRUE
42321,1.32,56,49,TRUE
42322,1.86,49,43,TRUE
42323,0.88,48,36,TRUE
42324,0.08,48,35,TRUE
42325,1.16,56,44,TRUE
42326,0.06,48,38,TRUE
42327,0.08,48,37,TRUE
42328,0,47,33,FALSE
42329,0,48,33,FALSE
42330,0,50,35,FALSE
42331,0.12,44,32,TRUE
42332,0.28,44,37,TRUE
42333,0,45,32,FALSE
42334,0,49,30,FALSE
42335,0,49,29,FALSE
42336,0,45,27,FALSE
42337,0,35,28,FALSE
42338,0.02,42,25,TRUE
42339,0.48,50,39,TRUE
42340,0.1,51,40,TRUE
42341,0.5,60,46,TRUE
42342,0.08,51,43,TRUE
42343,0.62,50,43,TRUE
42344,0.44,55,45,TRUE
42345,1.08,52,47,TRUE
42346,2.13,60,50,TRUE
42347,0.53,54,46,TRUE
42348,0.37,53,43,TRUE
42349,0.01,49,40,TRUE
42350,0.63,48,42,TRUE
42351,0.05,46,43,TRUE
42352,0,46,35,FALSE
42353,0.06,44,34,TRUE
42354,0.14,43,37,TRUE
42355,0.86,44,39,TRUE
42356,0.73,48,40,TRUE
42357,0,47,37,FALSE
42358,0.17,46,40,TRUE
42359,1.08,42,37,TRUE
42360,0.18,46,37,TRUE
42361,0.24,41,37,TRUE
42362,0.1,42,36,TRUE
42363,0.23,41,36,TRUE
42364,0,40,32,FALSE
42365,0.34,40,35,TRUE
42366,0.06,41,35,TRUE
42367,0,45,33,FALSE
42368,0,42,30,FALSE
42369,0,42,28,FALSE
